"@timestamp","msg"
2022-08-22 13:59:58.407,1525
2022-08-22 13:57:55.649,1453
2022-08-22 13:55:55.023,1360
2022-08-22 13:53:55.387,1408
2022-08-22 13:51:56.634,1702
2022-08-22 13:49:55.854,1492
2022-08-22 13:47:56.145,1488
2022-08-22 13:45:55.070,1501
2022-08-22 13:43:55.410,1623
2022-08-22 13:41:55.777,1757
2022-08-22 13:39:58.059,1537
2022-08-22 13:37:56.236,1913
2022-08-22 13:35:55.800,1918
2022-08-22 13:33:55.402,1533
2022-08-22 13:31:55.776,1605
2022-08-22 13:29:57.426,1485
2022-08-22 13:27:56.850,1652
2022-08-22 13:25:56.332,1457
2022-08-22 13:23:56.782,1760
2022-08-22 13:21:56.369,1485
2022-08-22 13:19:56.729,1620
2022-08-22 13:17:55.745,1477
2022-08-22 13:15:56.914,1432
2022-08-22 13:13:57.428,1593
2022-08-22 13:11:56.334,1458
2022-08-22 13:09:58.358,1654
2022-08-22 13:07:57.360,1436
2022-08-22 13:05:56.064,1405
2022-08-22 13:03:55.909,1477
2022-08-22 13:01:57.231,1516
2022-08-22 12:59:56.903,1429
2022-08-22 12:57:59.158,1508
2022-08-22 12:55:57.339,1622
2022-08-22 12:53:56.314,1454
2022-08-22 12:51:55.184,1462
2022-08-22 12:49:55.103,1572
2022-08-22 12:47:56.212,1547
2022-08-22 12:45:57.146,1696
2022-08-22 12:43:55.167,1475
2022-08-22 12:41:57.020,1529
2022-08-22 12:39:56.310,1532
2022-08-22 12:37:56.274,1624
2022-08-22 12:35:58.405,1600
2022-08-22 12:33:58.049,1496
2022-08-22 12:31:56.070,1477
2022-08-22 12:29:56.794,1573
2022-08-22 12:27:56.134,1430
2022-08-22 12:25:58.447,1662
2022-08-22 12:23:57.000,1778
2022-08-22 12:21:57.096,1454
2022-08-22 12:19:57.339,1509
2022-08-22 12:17:56.839,2363
2022-08-22 12:15:56.349,2293
2022-08-22 12:13:56.763,2216
2022-08-22 12:11:57.351,2542
2022-08-22 12:09:57.224,2000
2022-08-22 12:07:57.293,2483
2022-08-22 12:05:58.023,2043
2022-08-22 12:03:58.614,2055
2022-08-22 12:01:56.213,2521
2022-08-22 11:59:58.565,2161
2022-08-22 11:57:55.680,2283
2022-08-22 11:55:55.493,1974
2022-08-22 11:53:58.669,2694
2022-08-22 11:51:57.753,2887
2022-08-22 11:49:58.901,2088
2022-08-22 11:47:55.518,2063
2022-08-22 11:45:56.957,2635
2022-08-22 11:43:58.552,2538
2022-08-22 11:41:58.164,2676
2022-08-22 11:39:58.373,2386
2022-08-22 11:37:56.851,2471
2022-08-22 11:35:58.655,2951
2022-08-22 11:33:56.195,2675
2022-08-22 11:31:55.928,2210
2022-08-22 11:29:57.995,2822
2022-08-22 11:27:57.470,2207
2022-08-22 11:25:57.197,2054
2022-08-22 11:23:58.413,2377
2022-08-22 11:21:56.446,2638
2022-08-22 11:19:59.342,2117
2022-08-22 11:17:56.961,2272
2022-08-22 11:15:57.094,2315
2022-08-22 11:13:56.168,2099
2022-08-22 11:11:57.724,2738
2022-08-22 11:09:58.255,2368
2022-08-22 11:07:56.677,2136
2022-08-22 11:05:56.287,2289
2022-08-22 11:03:58.025,2324
2022-08-22 11:01:56.702,3068
2022-08-22 10:59:59.123,2231
2022-08-22 10:57:59.070,2314
2022-08-22 10:55:57.672,2621
2022-08-22 10:53:56.655,2626
2022-08-22 10:51:58.962,3836
2022-08-22 10:49:59.364,2902
2022-08-22 10:47:58.671,3381
2022-08-22 10:45:58.408,4282
2022-08-22 10:43:57.001,3558
2022-08-22 10:41:58.610,2939
2022-08-22 10:39:58.298,4165
2022-08-22 10:37:58.094,4254
2022-08-22 10:35:57.693,3044
2022-08-22 10:33:59.713,3487
2022-08-22 10:32:01.518,4074
2022-08-22 10:29:59.204,4680
2022-08-22 10:27:56.849,3344
2022-08-22 10:25:59.016,3091
2022-08-22 10:23:59.621,3386
2022-08-22 10:21:57.308,3665
2022-08-22 10:19:57.566,3922
2022-08-22 10:17:57.325,3489
2022-08-22 10:15:58.949,4217
2022-08-22 10:13:57.633,3590
2022-08-22 10:11:58.671,3551
2022-08-22 10:09:57.463,3975
2022-08-22 10:07:58.318,4033
2022-08-22 10:05:58.076,3556
2022-08-22 10:04:00.631,4097
2022-08-22 10:02:00.437,3985
2022-08-22 09:59:57.925,4236
2022-08-22 09:57:58.205,4155
2022-08-22 09:55:58.015,4266
2022-08-22 09:53:57.047,3498
2022-08-22 09:51:57.813,3475
2022-08-22 09:50:00.812,4035
2022-08-22 09:47:57.128,3782
2022-08-22 09:45:58.290,3172
2022-08-22 09:44:01.538,4376
2022-08-22 09:42:00.525,4389
2022-08-22 09:39:58.867,4166
2022-08-22 09:37:56.633,3172
2022-08-22 09:35:58.238,4335
2022-08-22 09:33:57.210,2905
2022-08-22 09:31:58.981,3545
2022-08-22 09:29:57.807,3621
2022-08-22 09:27:56.589,3215
2022-08-22 09:25:57.611,3326
2022-08-22 09:23:57.354,3387
2022-08-22 09:21:59.635,4150
2022-08-22 09:19:58.590,4364
2022-08-22 09:18:01.877,4722
2022-08-22 09:16:00.084,3407
2022-08-22 09:13:57.677,2399
2022-08-22 09:11:58.740,4365
2022-08-22 09:10:01.722,4601
2022-08-22 09:07:59.342,3050
2022-08-22 09:06:00.167,3316
2022-08-22 09:04:01.407,4194
2022-08-22 09:01:59.531,4342
2022-08-22 09:00:00.514,4086
2022-08-22 08:57:57.628,4096
2022-08-22 08:55:57.316,3553
2022-08-22 08:53:58.641,4502
2022-08-22 08:52:01.005,4171
2022-08-22 08:49:59.848,3872
2022-08-22 08:47:58.608,4561
2022-08-22 08:45:58.162,4040
2022-08-22 08:43:59.512,3629
2022-08-22 08:41:58.966,4044
2022-08-22 08:39:57.669,2938
2022-08-22 08:37:56.992,3553
2022-08-22 08:35:57.564,3388
2022-08-22 08:33:59.226,2942
2022-08-22 08:31:58.713,3194
2022-08-22 08:29:57.087,3459
2022-08-22 08:27:56.853,2349
2022-08-22 08:25:57.939,3423
2022-08-22 08:23:56.993,3282
2022-08-22 08:21:57.844,2410
2022-08-22 08:19:58.652,3599
2022-08-22 08:18:01.540,4736
2022-08-22 08:15:59.462,3262
2022-08-22 08:13:58.326,3671
2022-08-22 08:11:58.780,3554
2022-08-22 08:09:57.964,4372
2022-08-22 08:07:56.713,3353
2022-08-22 08:05:57.387,2246
2022-08-22 08:03:57.585,3298
2022-08-22 08:01:57.603,3059
2022-08-22 07:59:58.480,2953
2022-08-22 07:58:02.003,3102
2022-08-22 07:55:55.782,2249
2022-08-22 07:53:57.909,2137
2022-08-22 07:51:58.712,2571
2022-08-22 07:49:57.168,1758
2022-08-22 07:47:57.214,2432
2022-08-22 07:45:56.444,1958
2022-08-22 07:43:57.193,1972
2022-08-22 07:41:57.725,2505
2022-08-22 07:39:59.248,2614
2022-08-22 07:37:56.721,2957
2022-08-22 07:35:55.198,1620
2022-08-22 07:33:56.705,2940
2022-08-22 07:31:58.130,3045
2022-08-22 07:29:56.193,1941
2022-08-22 07:27:57.395,2399
2022-08-22 07:25:56.823,2351
2022-08-22 07:23:57.407,1870
2022-08-22 07:21:56.816,2076
2022-08-22 07:19:59.273,2760
2022-08-22 07:17:55.493,1698
2022-08-22 07:15:55.883,2405
2022-08-22 07:13:59.826,2790
2022-08-22 07:11:59.164,3291
2022-08-22 07:09:56.639,2587
2022-08-22 07:07:58.278,3032
2022-08-22 07:05:58.713,3779
2022-08-22 07:03:59.495,4685
2022-08-22 07:01:59.314,4478
2022-08-22 06:59:56.950,2745
2022-08-22 06:57:59.609,3389
2022-08-22 06:55:59.941,3689
2022-08-22 06:53:57.344,2820
2022-08-22 06:51:59.120,2362
2022-08-22 06:49:59.201,4428
2022-08-22 06:47:57.324,3560
2022-08-22 06:45:57.925,3625
2022-08-22 06:43:57.431,4009
2022-08-22 06:41:58.548,4405
2022-08-22 06:39:58.733,4683
2022-08-22 06:37:58.511,4581
2022-08-22 06:36:00.134,4934
2022-08-22 06:33:58.901,4885
2022-08-22 06:31:59.589,3378
2022-08-22 06:29:59.977,4048
2022-08-22 06:28:00.773,4478
2022-08-22 06:25:58.361,2482
2022-08-22 06:24:00.309,4243
2022-08-22 06:21:59.178,3032
2022-08-22 06:19:57.647,3490
2022-08-22 06:17:57.294,2363
2022-08-22 06:15:57.966,3626
2022-08-22 06:13:58.469,3618
2022-08-22 06:11:57.668,4015
2022-08-22 06:09:57.400,3942
2022-08-22 06:07:59.456,4926
2022-08-22 06:05:58.328,4477
2022-08-22 06:03:59.400,3950
2022-08-22 06:02:01.439,4105
2022-08-22 05:59:58.007,4448
2022-08-22 05:57:59.557,4711
2022-08-22 05:55:58.726,3889
2022-08-22 05:53:59.695,4546
2022-08-22 05:51:59.747,3329
2022-08-22 05:49:59.416,4683
2022-08-22 05:47:58.270,3443
2022-08-22 05:45:58.512,4152
2022-08-22 05:43:58.608,3728
2022-08-22 05:41:57.750,2470
2022-08-22 05:39:56.295,2594
2022-08-22 05:37:56.253,2624
2022-08-22 05:35:57.277,3307
2022-08-22 05:34:00.474,3666
2022-08-22 05:32:00.075,3785
2022-08-22 05:29:57.829,3236
2022-08-22 05:27:56.131,2633
2022-08-22 05:25:59.148,2719
2022-08-22 05:23:57.221,2410
2022-08-22 05:21:57.671,2684
2022-08-22 05:19:58.126,2373
2022-08-22 05:17:59.787,2363
2022-08-22 05:15:56.210,1982
2022-08-22 05:13:58.705,2313
2022-08-22 05:11:56.085,2368
2022-08-22 05:09:56.886,2026
2022-08-22 05:07:57.375,2097
2022-08-22 05:05:57.155,2337
2022-08-22 05:03:56.811,1967
2022-08-22 05:01:58.387,2286
2022-08-22 04:59:57.599,2316
2022-08-22 04:57:56.131,2027
2022-08-22 04:55:56.917,2645
2022-08-22 04:53:58.381,4147
2022-08-22 04:51:58.712,3946
2022-08-22 04:47:58.842,3794
2022-08-22 04:43:56.958,3412
2022-08-22 04:42:00.018,3807
2022-08-22 04:39:58.077,4452
2022-08-22 04:37:58.382,4602
2022-08-22 04:36:00.917,3536
2022-08-22 04:31:57.005,2523
2022-08-22 04:29:57.351,3133
2022-08-22 04:27:58.292,3318
2022-08-22 04:25:59.249,4337
2022-08-22 04:23:59.496,3258
2022-08-22 04:21:57.172,2715
2022-08-22 04:19:57.394,2397
2022-08-22 04:17:56.199,1996
2022-08-22 04:15:57.035,2186
2022-08-22 04:13:57.752,2615
2022-08-22 04:11:58.702,3016
2022-08-22 04:09:57.652,3367
2022-08-22 04:07:59.697,3992
2022-08-22 04:05:57.670,2481
2022-08-22 04:03:56.757,3115
2022-08-22 04:01:57.947,2840
2022-08-22 03:59:56.450,2814
2022-08-22 03:57:57.908,3820
2022-08-22 03:55:58.238,3575
2022-08-22 03:54:00.545,3956
2022-08-22 03:51:57.773,3594
2022-08-22 03:49:58.665,3905
2022-08-22 03:47:59.766,3664
2022-08-22 03:46:00.449,4126
2022-08-22 03:43:59.880,4194
2022-08-22 03:41:57.598,3625
2022-08-22 03:39:58.711,3847
2022-08-22 03:37:59.763,4063
2022-08-22 03:35:58.286,3071
2022-08-22 03:33:59.338,4166
2022-08-22 03:31:59.322,4038
2022-08-22 03:15:57.373,3118
2022-08-22 03:12:00.941,3855
2022-08-22 03:07:58.494,3507
2022-08-22 03:05:58.585,3912
2022-08-22 02:57:59.961,3488
2022-08-22 02:55:57.883,3626
2022-08-22 02:53:59.995,3783
2022-08-22 02:52:01.081,4326
2022-08-22 02:49:58.782,4285
2022-08-22 02:47:58.826,4087
2022-08-22 02:45:59.117,5308
2022-08-22 02:43:59.040,3267
2022-08-22 02:41:58.118,3643
2022-08-22 02:39:58.493,4339
2022-08-22 02:37:58.949,4305
2022-08-22 02:35:57.797,4314
2022-08-22 02:33:59.161,3077
2022-08-22 02:31:59.280,4527
2022-08-22 02:29:59.238,4683
2022-08-22 02:27:58.079,4505
2022-08-22 02:25:59.576,3734
2022-08-22 02:23:58.757,3432
2022-08-22 02:21:57.767,4333
2022-08-22 02:19:57.032,3228
2022-08-22 02:17:58.038,3776
2022-08-22 02:15:58.064,4539
2022-08-22 02:13:58.302,3963
2022-08-22 02:11:59.181,3737
2022-08-22 02:09:58.278,4343
2022-08-22 02:05:59.333,4343
2022-08-22 02:03:58.116,3944
2022-08-22 02:01:58.711,4325
2022-08-22 01:59:58.377,3759
2022-08-22 01:57:58.244,4013
2022-08-22 01:55:57.542,3769
2022-08-22 01:53:57.340,3890
2022-08-22 01:51:58.232,4723
2022-08-22 01:49:59.058,4324
2022-08-22 01:47:58.642,4409
2022-08-22 01:46:00.495,3880
2022-08-22 01:44:00.762,4490
2022-08-22 01:41:58.063,4627
2022-08-22 01:40:01.217,3838
2022-08-22 01:37:56.975,3572
2022-08-22 01:35:57.949,3539
2022-08-22 01:33:58.852,4604
2022-08-22 01:31:57.090,3339
2022-08-22 01:29:58.940,4393
2022-08-22 01:27:58.522,4403
2022-08-22 01:25:57.817,4139
2022-08-22 01:23:58.536,3950
2022-08-22 01:21:58.170,4435
2022-08-22 01:19:57.876,4506
2022-08-22 01:17:59.828,4664
2022-08-22 01:15:57.197,3706
2022-08-22 01:13:57.111,3485
2022-08-22 01:12:01.716,4742
2022-08-22 01:09:59.319,4326
2022-08-22 01:07:59.130,3934
2022-08-22 01:06:02.075,5139
2022-08-22 01:03:59.871,4320
2022-08-22 01:01:58.816,4823
2022-08-22 01:00:00.682,4791
2022-08-22 00:57:58.725,4446
2022-08-22 00:55:58.388,4679
2022-08-22 00:53:58.246,3768
2022-08-22 00:51:57.824,3548
2022-08-22 00:49:59.314,3576
2022-08-22 00:47:59.117,3429
2022-08-22 00:45:59.855,4638
2022-08-22 00:43:59.903,3846
2022-08-22 00:41:58.095,4294
2022-08-22 00:39:59.382,4850
2022-08-22 00:37:58.988,4528
2022-08-22 00:35:59.095,4704
2022-08-22 00:33:57.200,3722
2022-08-22 00:31:59.963,3507
2022-08-22 00:29:57.994,4540
2022-08-22 00:27:57.719,3259
2022-08-22 00:25:59.249,4057
2022-08-22 00:23:58.405,3717
2022-08-22 00:21:59.517,3430
2022-08-22 00:19:58.654,3161
2022-08-22 00:17:57.606,3589
2022-08-22 00:15:58.235,4403
2022-08-22 00:13:58.204,4784
2022-08-22 00:12:00.192,3567
2022-08-22 00:09:58.866,4250
2022-08-22 00:07:59.149,4107
2022-08-22 00:05:59.613,3812
2022-08-22 00:03:59.313,4429
2022-08-22 00:01:57.472,3649
2022-08-21 23:59:58.646,3508
2022-08-21 23:57:59.589,4993
2022-08-21 23:55:56.448,2163
2022-08-21 23:53:57.989,3773
2022-08-21 23:51:59.841,3914
2022-08-21 23:49:59.599,3520
2022-08-21 23:47:55.667,1687
2022-08-21 23:45:58.259,2871
2022-08-21 23:43:57.820,3251
2022-08-21 23:41:57.397,1669
2022-08-21 23:39:58.580,1741
2022-08-21 23:37:56.230,1676
2022-08-21 23:35:57.119,1546
2022-08-21 23:33:58.952,1836
2022-08-21 23:31:55.389,1728
2022-08-21 23:29:55.849,1519
2022-08-21 23:27:57.234,1370
2022-08-21 23:25:55.541,1524
2022-08-21 23:23:55.225,1591
2022-08-21 23:21:56.465,1636
2022-08-21 23:19:55.203,1435
2022-08-21 23:17:58.032,1913
2022-08-21 23:15:57.532,1816
2022-08-21 23:13:57.902,1661
2022-08-21 23:11:55.254,1518
2022-08-21 23:09:55.913,1582
2022-08-21 23:07:55.707,1661
2022-08-21 23:05:55.868,1703
2022-08-21 23:03:55.649,1580
2022-08-21 23:01:57.111,1565
2022-08-21 22:59:56.524,1724
2022-08-21 22:57:56.314,1555
2022-08-21 22:55:55.277,1694
2022-08-21 22:53:57.347,1684
2022-08-21 22:51:56.138,1612
2022-08-21 22:49:55.860,1835
2022-08-21 22:47:55.495,1367
2022-08-21 22:45:56.488,2244
2022-08-21 22:43:56.184,1743
2022-08-21 22:41:57.432,2207
2022-08-21 22:39:56.542,1592
2022-08-21 22:37:55.290,1472
2022-08-21 22:35:58.170,1590
2022-08-21 22:33:57.882,1702
2022-08-21 22:31:58.504,1395
2022-08-21 22:29:56.714,1553
2022-08-21 22:27:55.595,1565
2022-08-21 22:25:55.863,1652
2022-08-21 22:23:55.014,1400
2022-08-21 22:21:57.890,1550
2022-08-21 22:19:55.654,1505
2022-08-21 22:17:56.220,1717
2022-08-21 22:15:55.360,1503
2022-08-21 22:13:57.133,1487
2022-08-21 22:11:58.548,1545
2022-08-21 22:09:57.936,1543
2022-08-21 22:07:56.580,1401
2022-08-21 22:05:56.060,1590
2022-08-21 22:03:55.990,1604
2022-08-21 22:01:55.020,1597
2022-08-21 21:59:56.618,2724
2022-08-21 21:57:58.234,1516
2022-08-21 21:55:55.967,1556
2022-08-21 21:53:56.205,1469
2022-08-21 21:51:55.532,1341
2022-08-21 21:49:55.031,1543
2022-08-21 21:47:57.392,1608
2022-08-21 21:45:58.590,1737
2022-08-21 21:43:55.772,1590
2022-08-21 21:41:55.738,1402
2022-08-21 21:39:57.358,1570
2022-08-21 21:37:55.224,1668
2022-08-21 21:35:57.102,1512
2022-08-21 21:33:55.432,1630
2022-08-21 21:31:57.633,1585
2022-08-21 21:29:57.996,1550
2022-08-21 21:27:55.943,1668
2022-08-21 21:25:57.755,1491
2022-08-21 21:23:57.225,1683
2022-08-21 21:21:54.966,1615
2022-08-21 21:19:57.992,1417
2022-08-21 21:17:55.404,1643
2022-08-21 21:15:57.186,1697
2022-08-21 21:13:56.500,1555
2022-08-21 21:11:58.378,1775
2022-08-21 21:09:57.554,1618
2022-08-21 21:07:56.811,1728
2022-08-21 21:05:55.592,1584
2022-08-21 21:03:54.799,1392
2022-08-21 21:01:57.532,1736
2022-08-21 20:59:56.568,1631
2022-08-21 20:57:55.382,1708
2022-08-21 20:55:55.746,1473
2022-08-21 20:53:56.465,1714
2022-08-21 20:51:57.065,1478
2022-08-21 20:49:58.140,1700

